Nivel_1,t_stamp,nombre_sitio,fecha_hora
2.82254,2025-09-14 05:57:48,tanque_alcaldes,2025-09-14 05:57:48
2.81398,2025-09-14 06:00:48,tanque_alcaldes,2025-09-14 06:00:48
2.81568,2025-09-14 06:03:48,tanque_alcaldes,2025-09-14 06:03:48
2.81354,2025-09-14 06:06:48,tanque_alcaldes,2025-09-14 06:06:48
2.82285,2025-09-14 06:09:48,tanque_alcaldes,2025-09-14 06:09:48
2.82389,2025-09-14 06:12:48,tanque_alcaldes,2025-09-14 06:12:48
2.81888,2025-09-14 06:15:48,tanque_alcaldes,2025-09-14 06:15:48
2.83216,2025-09-14 06:18:48,tanque_alcaldes,2025-09-14 06:18:48
2.82731,2025-09-14 06:21:48,tanque_alcaldes,2025-09-14 06:21:48
2.81672,2025-09-14 06:24:48,tanque_alcaldes,2025-09-14 06:24:48
2.81701,2025-09-14 06:27:48,tanque_alcaldes,2025-09-14 06:27:48
2.81183,2025-09-14 06:30:48,tanque_alcaldes,2025-09-14 06:30:48
2.81739,2025-09-14 06:33:48,tanque_alcaldes,2025-09-14 06:33:48
2.81474,2025-09-14 06:36:48,tanque_alcaldes,2025-09-14 06:36:48
2.80828,2025-09-14 06:39:48,tanque_alcaldes,2025-09-14 06:39:48
2.82515,2025-09-14 06:42:48,tanque_alcaldes,2025-09-14 06:42:48
2.82128,2025-09-14 06:45:48,tanque_alcaldes,2025-09-14 06:45:48
2.82437,2025-09-14 06:48:48,tanque_alcaldes,2025-09-14 06:48:48
2.82245,2025-09-14 06:51:48,tanque_alcaldes,2025-09-14 06:51:48
2.82096,2025-09-14 06:54:48,tanque_alcaldes,2025-09-14 06:54:48
2.81971,2025-09-14 06:57:48,tanque_alcaldes,2025-09-14 06:57:48
0.0,2025-09-14 07:00:48,tanque_alcaldes,2025-09-14 07:00:48
2.80852,2025-09-14 07:03:48,tanque_alcaldes,2025-09-14 07:03:48
2.81619,2025-09-14 07:06:48,tanque_alcaldes,2025-09-14 07:06:48
2.82046,2025-09-14 07:09:48,tanque_alcaldes,2025-09-14 07:09:48
2.81783,2025-09-14 07:12:48,tanque_alcaldes,2025-09-14 07:12:48
2.81138,2025-09-14 07:15:48,tanque_alcaldes,2025-09-14 07:15:48
2.78667,2025-09-14 07:18:48,tanque_alcaldes,2025-09-14 07:18:48
2.79788,2025-09-14 07:21:48,tanque_alcaldes,2025-09-14 07:21:48
2.79832,2025-09-14 07:24:48,tanque_alcaldes,2025-09-14 07:24:48
2.79877,2025-09-14 07:27:48,tanque_alcaldes,2025-09-14 07:27:48
2.79539,2025-09-14 07:30:48,tanque_alcaldes,2025-09-14 07:30:48
2.79785,2025-09-14 07:33:48,tanque_alcaldes,2025-09-14 07:33:48
2.79534,2025-09-14 07:36:48,tanque_alcaldes,2025-09-14 07:36:48
2.79309,2025-09-14 07:39:48,tanque_alcaldes,2025-09-14 07:39:48
0.0,2025-09-14 07:42:48,tanque_alcaldes,2025-09-14 07:42:48
2.78278,2025-09-14 07:45:48,tanque_alcaldes,2025-09-14 07:45:48
2.79654,2025-09-14 07:48:48,tanque_alcaldes,2025-09-14 07:48:48
2.7924,2025-09-14 07:51:48,tanque_alcaldes,2025-09-14 07:51:48
2.77576,2025-09-14 07:54:48,tanque_alcaldes,2025-09-14 07:54:48
2.77307,2025-09-14 07:57:48,tanque_alcaldes,2025-09-14 07:57:48
2.78928,2025-09-14 08:00:48,tanque_alcaldes,2025-09-14 08:00:48
2.78511,2025-09-14 08:03:48,tanque_alcaldes,2025-09-14 08:03:48
2.76981,2025-09-14 08:06:48,tanque_alcaldes,2025-09-14 08:06:48
2.77058,2025-09-14 08:09:48,tanque_alcaldes,2025-09-14 08:09:48
2.7659,2025-09-14 08:12:48,tanque_alcaldes,2025-09-14 08:12:48
2.76469,2025-09-14 08:15:48,tanque_alcaldes,2025-09-14 08:15:48
2.76441,2025-09-14 08:18:48,tanque_alcaldes,2025-09-14 08:18:48
2.7526,2025-09-14 08:21:48,tanque_alcaldes,2025-09-14 08:21:48
2.75146,2025-09-14 08:24:48,tanque_alcaldes,2025-09-14 08:24:48
2.75725,2025-09-14 08:27:48,tanque_alcaldes,2025-09-14 08:27:48
2.742,2025-09-14 08:30:48,tanque_alcaldes,2025-09-14 08:30:48
2.74834,2025-09-14 08:33:48,tanque_alcaldes,2025-09-14 08:33:48
2.74059,2025-09-14 08:36:48,tanque_alcaldes,2025-09-14 08:36:48
2.72973,2025-09-14 08:39:48,tanque_alcaldes,2025-09-14 08:39:48
2.74007,2025-09-14 08:42:48,tanque_alcaldes,2025-09-14 08:42:48
2.71348,2025-09-14 08:45:48,tanque_alcaldes,2025-09-14 08:45:48
2.73445,2025-09-14 08:48:48,tanque_alcaldes,2025-09-14 08:48:48
2.73254,2025-09-14 08:51:48,tanque_alcaldes,2025-09-14 08:51:48
2.7359,2025-09-14 08:54:48,tanque_alcaldes,2025-09-14 08:54:48
2.72431,2025-09-14 08:57:48,tanque_alcaldes,2025-09-14 08:57:48
2.72628,2025-09-14 09:00:48,tanque_alcaldes,2025-09-14 09:00:48
2.72533,2025-09-14 09:03:48,tanque_alcaldes,2025-09-14 09:03:48
2.73692,2025-09-14 09:06:48,tanque_alcaldes,2025-09-14 09:06:48
2.72128,2025-09-14 09:09:48,tanque_alcaldes,2025-09-14 09:09:48
2.72551,2025-09-14 09:12:48,tanque_alcaldes,2025-09-14 09:12:48
2.723,2025-09-14 09:15:48,tanque_alcaldes,2025-09-14 09:15:48
2.73386,2025-09-14 09:18:48,tanque_alcaldes,2025-09-14 09:18:48
2.71681,2025-09-14 09:21:48,tanque_alcaldes,2025-09-14 09:21:48
2.70842,2025-09-14 09:24:48,tanque_alcaldes,2025-09-14 09:24:48
2.72152,2025-09-14 09:27:48,tanque_alcaldes,2025-09-14 09:27:48
2.72042,2025-09-14 09:30:48,tanque_alcaldes,2025-09-14 09:30:48
2.71845,2025-09-14 09:33:48,tanque_alcaldes,2025-09-14 09:33:48
2.70552,2025-09-14 09:36:48,tanque_alcaldes,2025-09-14 09:36:48
2.69564,2025-09-14 09:39:48,tanque_alcaldes,2025-09-14 09:39:48
2.70584,2025-09-14 09:42:48,tanque_alcaldes,2025-09-14 09:42:48
2.69517,2025-09-14 09:45:48,tanque_alcaldes,2025-09-14 09:45:48
2.72574,2025-09-14 09:48:48,tanque_alcaldes,2025-09-14 09:48:48
2.684,2025-09-14 09:51:48,tanque_alcaldes,2025-09-14 09:51:48
2.70546,2025-09-14 09:54:48,tanque_alcaldes,2025-09-14 09:54:48
2.70208,2025-09-14 09:57:48,tanque_alcaldes,2025-09-14 09:57:48
2.70032,2025-09-14 10:00:48,tanque_alcaldes,2025-09-14 10:00:48
2.69295,2025-09-14 10:03:48,tanque_alcaldes,2025-09-14 10:03:48
2.68441,2025-09-14 10:06:48,tanque_alcaldes,2025-09-14 10:06:48
2.68644,2025-09-14 10:09:48,tanque_alcaldes,2025-09-14 10:09:48
2.6775,2025-09-14 10:12:48,tanque_alcaldes,2025-09-14 10:12:48
2.681,2025-09-14 10:15:48,tanque_alcaldes,2025-09-14 10:15:48
2.68728,2025-09-14 10:18:48,tanque_alcaldes,2025-09-14 10:18:48
2.6737,2025-09-14 10:21:48,tanque_alcaldes,2025-09-14 10:21:48
2.67996,2025-09-14 10:24:48,tanque_alcaldes,2025-09-14 10:24:48
2.67337,2025-09-14 10:27:48,tanque_alcaldes,2025-09-14 10:27:48
2.6816,2025-09-14 10:30:48,tanque_alcaldes,2025-09-14 10:30:48
2.67839,2025-09-14 10:33:48,tanque_alcaldes,2025-09-14 10:33:48
2.67564,2025-09-14 10:36:48,tanque_alcaldes,2025-09-14 10:36:48
2.67213,2025-09-14 10:39:48,tanque_alcaldes,2025-09-14 10:39:48
2.66992,2025-09-14 10:42:48,tanque_alcaldes,2025-09-14 10:42:48
2.67165,2025-09-14 10:45:48,tanque_alcaldes,2025-09-14 10:45:48
2.67071,2025-09-14 10:48:48,tanque_alcaldes,2025-09-14 10:48:48
2.67193,2025-09-14 10:51:48,tanque_alcaldes,2025-09-14 10:51:48
2.67173,2025-09-14 10:54:48,tanque_alcaldes,2025-09-14 10:54:48
2.67337,2025-09-14 10:57:48,tanque_alcaldes,2025-09-14 10:57:48
2.67428,2025-09-14 11:00:48,tanque_alcaldes,2025-09-14 11:00:48
2.67606,2025-09-14 11:03:48,tanque_alcaldes,2025-09-14 11:03:48
2.66641,2025-09-14 11:06:48,tanque_alcaldes,2025-09-14 11:06:48
2.66271,2025-09-14 11:09:48,tanque_alcaldes,2025-09-14 11:09:48
2.66811,2025-09-14 11:12:48,tanque_alcaldes,2025-09-14 11:12:48
2.66751,2025-09-14 11:15:48,tanque_alcaldes,2025-09-14 11:15:48
2.66086,2025-09-14 11:18:48,tanque_alcaldes,2025-09-14 11:18:48
2.65828,2025-09-14 11:21:48,tanque_alcaldes,2025-09-14 11:21:48
2.65756,2025-09-14 11:24:48,tanque_alcaldes,2025-09-14 11:24:48
2.64798,2025-09-14 11:27:48,tanque_alcaldes,2025-09-14 11:27:48
2.65358,2025-09-14 11:30:48,tanque_alcaldes,2025-09-14 11:30:48
2.65598,2025-09-14 11:33:48,tanque_alcaldes,2025-09-14 11:33:48
2.64929,2025-09-14 11:36:48,tanque_alcaldes,2025-09-14 11:36:48
2.65666,2025-09-14 11:39:48,tanque_alcaldes,2025-09-14 11:39:48
2.65243,2025-09-14 11:42:48,tanque_alcaldes,2025-09-14 11:42:48
2.65176,2025-09-14 11:45:48,tanque_alcaldes,2025-09-14 11:45:48
2.65227,2025-09-14 11:48:48,tanque_alcaldes,2025-09-14 11:48:48
2.65137,2025-09-14 11:51:48,tanque_alcaldes,2025-09-14 11:51:48
2.65633,2025-09-14 11:54:48,tanque_alcaldes,2025-09-14 11:54:48
2.65795,2025-09-14 11:57:48,tanque_alcaldes,2025-09-14 11:57:48
2.64544,2025-09-14 12:00:48,tanque_alcaldes,2025-09-14 12:00:48
2.65396,2025-09-14 12:03:48,tanque_alcaldes,2025-09-14 12:03:48
2.65046,2025-09-14 12:06:48,tanque_alcaldes,2025-09-14 12:06:48
2.65258,2025-09-14 12:09:48,tanque_alcaldes,2025-09-14 12:09:48
2.65294,2025-09-14 12:12:48,tanque_alcaldes,2025-09-14 12:12:48
2.64889,2025-09-14 12:15:48,tanque_alcaldes,2025-09-14 12:15:48
2.64965,2025-09-14 12:18:48,tanque_alcaldes,2025-09-14 12:18:48
2.6521,2025-09-14 12:21:48,tanque_alcaldes,2025-09-14 12:21:48
2.65349,2025-09-14 12:24:48,tanque_alcaldes,2025-09-14 12:24:48
2.64901,2025-09-14 12:27:48,tanque_alcaldes,2025-09-14 12:27:48
2.6488,2025-09-14 12:30:48,tanque_alcaldes,2025-09-14 12:30:48
2.64931,2025-09-14 12:33:48,tanque_alcaldes,2025-09-14 12:33:48
2.64649,2025-09-14 12:36:48,tanque_alcaldes,2025-09-14 12:36:48
2.64508,2025-09-14 12:39:48,tanque_alcaldes,2025-09-14 12:39:48
2.6398,2025-09-14 12:42:48,tanque_alcaldes,2025-09-14 12:42:48
2.63004,2025-09-14 12:45:48,tanque_alcaldes,2025-09-14 12:45:48
2.62828,2025-09-14 12:48:48,tanque_alcaldes,2025-09-14 12:48:48
2.62441,2025-09-14 12:51:48,tanque_alcaldes,2025-09-14 12:51:48
2.6239,2025-09-14 12:54:48,tanque_alcaldes,2025-09-14 12:54:48
2.61717,2025-09-14 12:57:48,tanque_alcaldes,2025-09-14 12:57:48
2.62547,2025-09-14 13:00:48,tanque_alcaldes,2025-09-14 13:00:48
2.62204,2025-09-14 13:03:48,tanque_alcaldes,2025-09-14 13:03:48
2.62388,2025-09-14 13:06:48,tanque_alcaldes,2025-09-14 13:06:48
2.62025,2025-09-14 13:09:48,tanque_alcaldes,2025-09-14 13:09:48
2.62497,2025-09-14 13:12:48,tanque_alcaldes,2025-09-14 13:12:48
2.62372,2025-09-14 13:15:48,tanque_alcaldes,2025-09-14 13:15:48
2.62212,2025-09-14 13:18:48,tanque_alcaldes,2025-09-14 13:18:48
2.62271,2025-09-14 13:21:48,tanque_alcaldes,2025-09-14 13:21:48
2.62206,2025-09-14 13:24:48,tanque_alcaldes,2025-09-14 13:24:48
2.62464,2025-09-14 13:27:48,tanque_alcaldes,2025-09-14 13:27:48
2.61991,2025-09-14 13:30:48,tanque_alcaldes,2025-09-14 13:30:48
2.62056,2025-09-14 13:33:48,tanque_alcaldes,2025-09-14 13:33:48
2.62125,2025-09-14 13:36:48,tanque_alcaldes,2025-09-14 13:36:48
2.62386,2025-09-14 13:39:48,tanque_alcaldes,2025-09-14 13:39:48
2.62703,2025-09-14 13:42:48,tanque_alcaldes,2025-09-14 13:42:48
2.6227,2025-09-14 13:45:48,tanque_alcaldes,2025-09-14 13:45:48
2.62224,2025-09-14 13:48:48,tanque_alcaldes,2025-09-14 13:48:48
2.61939,2025-09-14 13:51:48,tanque_alcaldes,2025-09-14 13:51:48
2.62734,2025-09-14 13:54:48,tanque_alcaldes,2025-09-14 13:54:48
2.62275,2025-09-14 13:57:48,tanque_alcaldes,2025-09-14 13:57:48
2.62497,2025-09-14 14:00:48,tanque_alcaldes,2025-09-14 14:00:48
2.62113,2025-09-14 14:03:48,tanque_alcaldes,2025-09-14 14:03:48
2.62809,2025-09-14 14:06:48,tanque_alcaldes,2025-09-14 14:06:48
0.0,2025-09-14 14:09:48,tanque_alcaldes,2025-09-14 14:09:48
2.62388,2025-09-14 14:12:48,tanque_alcaldes,2025-09-14 14:12:48
2.62682,2025-09-14 14:15:48,tanque_alcaldes,2025-09-14 14:15:48
2.62356,2025-09-14 14:18:48,tanque_alcaldes,2025-09-14 14:18:48
2.61984,2025-09-14 14:21:48,tanque_alcaldes,2025-09-14 14:21:48
2.62185,2025-09-14 14:24:48,tanque_alcaldes,2025-09-14 14:24:48
2.62281,2025-09-14 14:27:48,tanque_alcaldes,2025-09-14 14:27:48
2.63034,2025-09-14 14:30:48,tanque_alcaldes,2025-09-14 14:30:48
2.62395,2025-09-14 14:33:48,tanque_alcaldes,2025-09-14 14:33:48
2.62892,2025-09-14 14:36:48,tanque_alcaldes,2025-09-14 14:36:48
2.62254,2025-09-14 14:39:48,tanque_alcaldes,2025-09-14 14:39:48
2.62202,2025-09-14 14:42:48,tanque_alcaldes,2025-09-14 14:42:48
2.62881,2025-09-14 14:45:48,tanque_alcaldes,2025-09-14 14:45:48
2.62928,2025-09-14 14:48:48,tanque_alcaldes,2025-09-14 14:48:48
2.63167,2025-09-14 14:51:48,tanque_alcaldes,2025-09-14 14:51:48
0.0,2025-09-14 14:54:48,tanque_alcaldes,2025-09-14 14:54:48
2.62366,2025-09-14 14:57:48,tanque_alcaldes,2025-09-14 14:57:48
2.62336,2025-09-14 15:00:48,tanque_alcaldes,2025-09-14 15:00:48
2.62436,2025-09-14 15:03:48,tanque_alcaldes,2025-09-14 15:03:48
2.62454,2025-09-14 15:06:48,tanque_alcaldes,2025-09-14 15:06:48
2.62443,2025-09-14 15:09:48,tanque_alcaldes,2025-09-14 15:09:48
2.6149,2025-09-14 15:12:48,tanque_alcaldes,2025-09-14 15:12:48
2.62535,2025-09-14 15:15:48,tanque_alcaldes,2025-09-14 15:15:48
2.62767,2025-09-14 15:18:48,tanque_alcaldes,2025-09-14 15:18:48
2.61678,2025-09-14 15:21:48,tanque_alcaldes,2025-09-14 15:21:48
2.62185,2025-09-14 15:24:48,tanque_alcaldes,2025-09-14 15:24:48
2.62356,2025-09-14 15:27:48,tanque_alcaldes,2025-09-14 15:27:48
2.62819,2025-09-14 15:30:48,tanque_alcaldes,2025-09-14 15:30:48
2.62446,2025-09-14 15:33:48,tanque_alcaldes,2025-09-14 15:33:48
2.6216,2025-09-14 15:36:48,tanque_alcaldes,2025-09-14 15:36:48
2.62509,2025-09-14 15:39:48,tanque_alcaldes,2025-09-14 15:39:48
2.60591,2025-09-14 15:42:48,tanque_alcaldes,2025-09-14 15:42:48
2.62095,2025-09-14 15:45:48,tanque_alcaldes,2025-09-14 15:45:48
2.62995,2025-09-14 15:48:48,tanque_alcaldes,2025-09-14 15:48:48
2.62431,2025-09-14 15:51:48,tanque_alcaldes,2025-09-14 15:51:48
2.62064,2025-09-14 15:54:48,tanque_alcaldes,2025-09-14 15:54:48
2.62309,2025-09-14 15:57:48,tanque_alcaldes,2025-09-14 15:57:48
2.6203,2025-09-14 16:00:48,tanque_alcaldes,2025-09-14 16:00:48
2.62822,2025-09-14 16:03:48,tanque_alcaldes,2025-09-14 16:03:48
2.61487,2025-09-14 16:06:48,tanque_alcaldes,2025-09-14 16:06:48
2.59623,2025-09-14 16:09:48,tanque_alcaldes,2025-09-14 16:09:48
2.61929,2025-09-14 16:12:48,tanque_alcaldes,2025-09-14 16:12:48
2.62339,2025-09-14 16:15:48,tanque_alcaldes,2025-09-14 16:15:48
2.59784,2025-09-14 16:18:48,tanque_alcaldes,2025-09-14 16:18:48
2.61768,2025-09-14 16:21:48,tanque_alcaldes,2025-09-14 16:21:48
2.61999,2025-09-14 16:24:48,tanque_alcaldes,2025-09-14 16:24:48
2.62131,2025-09-14 16:27:48,tanque_alcaldes,2025-09-14 16:27:48
2.62545,2025-09-14 16:30:48,tanque_alcaldes,2025-09-14 16:30:48
2.62935,2025-09-14 16:33:48,tanque_alcaldes,2025-09-14 16:33:48
2.62827,2025-09-14 16:36:48,tanque_alcaldes,2025-09-14 16:36:48
2.62737,2025-09-14 16:39:48,tanque_alcaldes,2025-09-14 16:39:48
2.59192,2025-09-14 16:42:48,tanque_alcaldes,2025-09-14 16:42:48
2.61499,2025-09-14 16:45:48,tanque_alcaldes,2025-09-14 16:45:48
2.62167,2025-09-14 16:48:48,tanque_alcaldes,2025-09-14 16:48:48
2.61342,2025-09-14 16:51:48,tanque_alcaldes,2025-09-14 16:51:48
2.62226,2025-09-14 16:54:48,tanque_alcaldes,2025-09-14 16:54:48
2.62055,2025-09-14 16:57:48,tanque_alcaldes,2025-09-14 16:57:48
2.62522,2025-09-14 17:00:48,tanque_alcaldes,2025-09-14 17:00:48
2.6238,2025-09-14 17:03:48,tanque_alcaldes,2025-09-14 17:03:48
2.61858,2025-09-14 17:06:48,tanque_alcaldes,2025-09-14 17:06:48
2.62807,2025-09-14 17:09:48,tanque_alcaldes,2025-09-14 17:09:48
2.62545,2025-09-14 17:12:48,tanque_alcaldes,2025-09-14 17:12:48
2.62115,2025-09-14 17:15:48,tanque_alcaldes,2025-09-14 17:15:48
2.60263,2025-09-14 17:18:48,tanque_alcaldes,2025-09-14 17:18:48
2.61915,2025-09-14 17:21:48,tanque_alcaldes,2025-09-14 17:21:48
2.62535,2025-09-14 17:24:48,tanque_alcaldes,2025-09-14 17:24:48
0.0,2025-09-14 17:27:48,tanque_alcaldes,2025-09-14 17:27:48
2.62473,2025-09-14 17:30:48,tanque_alcaldes,2025-09-14 17:30:48
2.62261,2025-09-14 17:33:48,tanque_alcaldes,2025-09-14 17:33:48
0.0,2025-09-14 17:36:48,tanque_alcaldes,2025-09-14 17:36:48
2.62951,2025-09-14 17:39:48,tanque_alcaldes,2025-09-14 17:39:48
2.62558,2025-09-14 17:42:48,tanque_alcaldes,2025-09-14 17:42:48
2.62336,2025-09-14 17:45:48,tanque_alcaldes,2025-09-14 17:45:48
2.61931,2025-09-14 17:48:48,tanque_alcaldes,2025-09-14 17:48:48
2.62596,2025-09-14 17:51:48,tanque_alcaldes,2025-09-14 17:51:48
2.62076,2025-09-14 17:54:48,tanque_alcaldes,2025-09-14 17:54:48
2.62244,2025-09-14 17:57:48,tanque_alcaldes,2025-09-14 17:57:48
2.62497,2025-09-14 18:00:48,tanque_alcaldes,2025-09-14 18:00:48
2.60753,2025-09-14 18:03:48,tanque_alcaldes,2025-09-14 18:03:48
2.6281,2025-09-14 18:06:48,tanque_alcaldes,2025-09-14 18:06:48
2.62904,2025-09-14 18:09:48,tanque_alcaldes,2025-09-14 18:09:48
2.62744,2025-09-14 18:12:48,tanque_alcaldes,2025-09-14 18:12:48
2.59221,2025-09-14 18:15:48,tanque_alcaldes,2025-09-14 18:15:48
2.62571,2025-09-14 18:18:48,tanque_alcaldes,2025-09-14 18:18:48
2.62274,2025-09-14 18:21:48,tanque_alcaldes,2025-09-14 18:21:48
0.0,2025-09-14 18:24:48,tanque_alcaldes,2025-09-14 18:24:48
2.61731,2025-09-14 18:27:48,tanque_alcaldes,2025-09-14 18:27:48
2.62357,2025-09-14 18:30:48,tanque_alcaldes,2025-09-14 18:30:48
2.62357,2025-09-14 18:33:48,tanque_alcaldes,2025-09-14 18:33:48
2.62674,2025-09-14 18:36:48,tanque_alcaldes,2025-09-14 18:36:48
2.62575,2025-09-14 18:39:48,tanque_alcaldes,2025-09-14 18:39:48
2.628,2025-09-14 18:42:48,tanque_alcaldes,2025-09-14 18:42:48
2.62848,2025-09-14 18:45:48,tanque_alcaldes,2025-09-14 18:45:48
2.62336,2025-09-14 18:48:48,tanque_alcaldes,2025-09-14 18:48:48
2.62718,2025-09-14 18:51:48,tanque_alcaldes,2025-09-14 18:51:48
2.61741,2025-09-14 18:54:48,tanque_alcaldes,2025-09-14 18:54:48
2.6341,2025-09-14 18:57:48,tanque_alcaldes,2025-09-14 18:57:48
2.63591,2025-09-14 19:00:48,tanque_alcaldes,2025-09-14 19:00:48
2.63755,2025-09-14 19:03:48,tanque_alcaldes,2025-09-14 19:03:48
2.62829,2025-09-14 19:06:48,tanque_alcaldes,2025-09-14 19:06:48
2.62536,2025-09-14 19:09:48,tanque_alcaldes,2025-09-14 19:09:48
2.62749,2025-09-14 19:12:48,tanque_alcaldes,2025-09-14 19:12:48
2.63132,2025-09-14 19:15:48,tanque_alcaldes,2025-09-14 19:15:48
2.62623,2025-09-14 19:18:48,tanque_alcaldes,2025-09-14 19:18:48
2.62974,2025-09-14 19:21:48,tanque_alcaldes,2025-09-14 19:21:48
2.63008,2025-09-14 19:24:48,tanque_alcaldes,2025-09-14 19:24:48
2.63188,2025-09-14 19:27:48,tanque_alcaldes,2025-09-14 19:27:48
2.63357,2025-09-14 19:30:48,tanque_alcaldes,2025-09-14 19:30:48
2.62973,2025-09-14 19:33:48,tanque_alcaldes,2025-09-14 19:33:48
2.6263,2025-09-14 19:36:48,tanque_alcaldes,2025-09-14 19:36:48
2.62889,2025-09-14 19:39:48,tanque_alcaldes,2025-09-14 19:39:48
2.62753,2025-09-14 19:42:48,tanque_alcaldes,2025-09-14 19:42:48
2.64194,2025-09-14 19:45:48,tanque_alcaldes,2025-09-14 19:45:48
2.62773,2025-09-14 19:48:48,tanque_alcaldes,2025-09-14 19:48:48
2.63401,2025-09-14 19:51:48,tanque_alcaldes,2025-09-14 19:51:48
2.62524,2025-09-14 19:54:48,tanque_alcaldes,2025-09-14 19:54:48
2.63051,2025-09-14 19:57:48,tanque_alcaldes,2025-09-14 19:57:48
2.63038,2025-09-14 20:00:48,tanque_alcaldes,2025-09-14 20:00:48
2.63034,2025-09-14 20:03:48,tanque_alcaldes,2025-09-14 20:03:48
2.6236,2025-09-14 20:06:48,tanque_alcaldes,2025-09-14 20:06:48
2.63623,2025-09-14 20:09:48,tanque_alcaldes,2025-09-14 20:09:48
2.6364,2025-09-14 20:12:48,tanque_alcaldes,2025-09-14 20:12:48
2.63735,2025-09-14 20:15:48,tanque_alcaldes,2025-09-14 20:15:48
2.63816,2025-09-14 20:18:48,tanque_alcaldes,2025-09-14 20:18:48
2.62897,2025-09-14 20:21:48,tanque_alcaldes,2025-09-14 20:21:48
2.63219,2025-09-14 20:24:48,tanque_alcaldes,2025-09-14 20:24:48
2.63026,2025-09-14 20:27:48,tanque_alcaldes,2025-09-14 20:27:48
2.6262,2025-09-14 20:30:48,tanque_alcaldes,2025-09-14 20:30:48
2.63113,2025-09-14 20:33:48,tanque_alcaldes,2025-09-14 20:33:48
2.63446,2025-09-14 20:36:48,tanque_alcaldes,2025-09-14 20:36:48
2.6329,2025-09-14 20:39:48,tanque_alcaldes,2025-09-14 20:39:48
2.63401,2025-09-14 20:42:48,tanque_alcaldes,2025-09-14 20:42:48
2.63542,2025-09-14 20:45:48,tanque_alcaldes,2025-09-14 20:45:48
2.63744,2025-09-14 20:48:48,tanque_alcaldes,2025-09-14 20:48:48
2.63039,2025-09-14 20:51:48,tanque_alcaldes,2025-09-14 20:51:48
2.62965,2025-09-14 20:54:48,tanque_alcaldes,2025-09-14 20:54:48
2.62672,2025-09-14 20:57:48,tanque_alcaldes,2025-09-14 20:57:48
2.63177,2025-09-14 21:00:48,tanque_alcaldes,2025-09-14 21:00:48
2.6381,2025-09-14 21:03:48,tanque_alcaldes,2025-09-14 21:03:48
2.63595,2025-09-14 21:06:48,tanque_alcaldes,2025-09-14 21:06:48
2.63157,2025-09-14 21:09:48,tanque_alcaldes,2025-09-14 21:09:48
2.63133,2025-09-14 21:12:48,tanque_alcaldes,2025-09-14 21:12:48
2.64211,2025-09-14 21:15:48,tanque_alcaldes,2025-09-14 21:15:48
2.63866,2025-09-14 21:18:48,tanque_alcaldes,2025-09-14 21:18:48
2.6389,2025-09-14 21:21:48,tanque_alcaldes,2025-09-14 21:21:48
2.63081,2025-09-14 21:24:48,tanque_alcaldes,2025-09-14 21:24:48
2.63358,2025-09-14 21:27:48,tanque_alcaldes,2025-09-14 21:27:48
2.63498,2025-09-14 21:30:48,tanque_alcaldes,2025-09-14 21:30:48
2.63607,2025-09-14 21:33:48,tanque_alcaldes,2025-09-14 21:33:48
2.63389,2025-09-14 21:36:48,tanque_alcaldes,2025-09-14 21:36:48
2.63462,2025-09-14 21:39:48,tanque_alcaldes,2025-09-14 21:39:48
2.63073,2025-09-14 21:42:48,tanque_alcaldes,2025-09-14 21:42:48
2.63447,2025-09-14 21:45:48,tanque_alcaldes,2025-09-14 21:45:48
2.63791,2025-09-14 21:48:48,tanque_alcaldes,2025-09-14 21:48:48
2.6378,2025-09-14 21:51:48,tanque_alcaldes,2025-09-14 21:51:48
2.6381,2025-09-14 21:54:48,tanque_alcaldes,2025-09-14 21:54:48
2.63246,2025-09-14 21:57:48,tanque_alcaldes,2025-09-14 21:57:48
2.63343,2025-09-14 22:00:48,tanque_alcaldes,2025-09-14 22:00:48
2.63174,2025-09-14 22:03:48,tanque_alcaldes,2025-09-14 22:03:48
2.63355,2025-09-14 22:06:48,tanque_alcaldes,2025-09-14 22:06:48
2.62965,2025-09-14 22:09:48,tanque_alcaldes,2025-09-14 22:09:48
2.62971,2025-09-14 22:12:48,tanque_alcaldes,2025-09-14 22:12:48
2.62843,2025-09-14 22:15:48,tanque_alcaldes,2025-09-14 22:15:48
2.62748,2025-09-14 22:18:48,tanque_alcaldes,2025-09-14 22:18:48
2.62911,2025-09-14 22:21:48,tanque_alcaldes,2025-09-14 22:21:48
2.63685,2025-09-14 22:24:48,tanque_alcaldes,2025-09-14 22:24:48
2.62946,2025-09-14 22:27:48,tanque_alcaldes,2025-09-14 22:27:48
2.63519,2025-09-14 22:30:48,tanque_alcaldes,2025-09-14 22:30:48
2.63096,2025-09-14 22:33:48,tanque_alcaldes,2025-09-14 22:33:48
2.63046,2025-09-14 22:36:48,tanque_alcaldes,2025-09-14 22:36:48
2.63248,2025-09-14 22:39:48,tanque_alcaldes,2025-09-14 22:39:48
2.62971,2025-09-14 22:42:48,tanque_alcaldes,2025-09-14 22:42:48
0.0,2025-09-14 22:45:48,tanque_alcaldes,2025-09-14 22:45:48
2.63436,2025-09-14 22:48:48,tanque_alcaldes,2025-09-14 22:48:48
2.63747,2025-09-14 22:51:48,tanque_alcaldes,2025-09-14 22:51:48
2.63632,2025-09-14 22:54:48,tanque_alcaldes,2025-09-14 22:54:48
2.63257,2025-09-14 22:57:48,tanque_alcaldes,2025-09-14 22:57:48
2.62719,2025-09-14 23:00:48,tanque_alcaldes,2025-09-14 23:00:48
2.63062,2025-09-14 23:03:48,tanque_alcaldes,2025-09-14 23:03:48
2.63196,2025-09-14 23:06:48,tanque_alcaldes,2025-09-14 23:06:48
2.63185,2025-09-14 23:09:48,tanque_alcaldes,2025-09-14 23:09:48
2.62916,2025-09-14 23:12:48,tanque_alcaldes,2025-09-14 23:12:48
2.63434,2025-09-14 23:15:48,tanque_alcaldes,2025-09-14 23:15:48
2.63666,2025-09-14 23:18:48,tanque_alcaldes,2025-09-14 23:18:48
2.63419,2025-09-14 23:21:48,tanque_alcaldes,2025-09-14 23:21:48
2.62866,2025-09-14 23:24:48,tanque_alcaldes,2025-09-14 23:24:48
2.62902,2025-09-14 23:27:48,tanque_alcaldes,2025-09-14 23:27:48
2.62548,2025-09-14 23:30:48,tanque_alcaldes,2025-09-14 23:30:48
2.62816,2025-09-14 23:33:48,tanque_alcaldes,2025-09-14 23:33:48
2.62194,2025-09-14 23:36:48,tanque_alcaldes,2025-09-14 23:36:48
2.63194,2025-09-14 23:39:48,tanque_alcaldes,2025-09-14 23:39:48
2.63054,2025-09-14 23:42:48,tanque_alcaldes,2025-09-14 23:42:48
2.62947,2025-09-14 23:45:48,tanque_alcaldes,2025-09-14 23:45:48
2.63174,2025-09-14 23:48:48,tanque_alcaldes,2025-09-14 23:48:48
2.625,2025-09-14 23:51:48,tanque_alcaldes,2025-09-14 23:51:48
2.63255,2025-09-14 23:54:48,tanque_alcaldes,2025-09-14 23:54:48
2.62635,2025-09-14 23:57:48,tanque_alcaldes,2025-09-14 23:57:48
2.62102,2025-09-15 00:00:48,tanque_alcaldes,2025-09-15 00:00:48
2.62601,2025-09-15 00:03:48,tanque_alcaldes,2025-09-15 00:03:48
2.62969,2025-09-15 00:06:48,tanque_alcaldes,2025-09-15 00:06:48
2.62973,2025-09-15 00:09:48,tanque_alcaldes,2025-09-15 00:09:48
2.62943,2025-09-15 00:12:48,tanque_alcaldes,2025-09-15 00:12:48
2.62707,2025-09-15 00:15:48,tanque_alcaldes,2025-09-15 00:15:48
2.63345,2025-09-15 00:18:48,tanque_alcaldes,2025-09-15 00:18:48
2.63653,2025-09-15 00:21:48,tanque_alcaldes,2025-09-15 00:21:48
2.63111,2025-09-15 00:24:48,tanque_alcaldes,2025-09-15 00:24:48
2.63198,2025-09-15 00:27:48,tanque_alcaldes,2025-09-15 00:27:48
2.63629,2025-09-15 00:30:48,tanque_alcaldes,2025-09-15 00:30:48
2.62975,2025-09-15 00:33:48,tanque_alcaldes,2025-09-15 00:33:48
2.62686,2025-09-15 00:36:48,tanque_alcaldes,2025-09-15 00:36:48
2.62849,2025-09-15 00:39:48,tanque_alcaldes,2025-09-15 00:39:48
2.6275,2025-09-15 00:42:48,tanque_alcaldes,2025-09-15 00:42:48
2.62896,2025-09-15 00:45:48,tanque_alcaldes,2025-09-15 00:45:48
2.63729,2025-09-15 00:48:48,tanque_alcaldes,2025-09-15 00:48:48
2.63558,2025-09-15 00:51:48,tanque_alcaldes,2025-09-15 00:51:48
2.64971,2025-09-15 00:54:48,tanque_alcaldes,2025-09-15 00:54:48
0.0,2025-09-15 00:57:48,tanque_alcaldes,2025-09-15 00:57:48
2.66388,2025-09-15 01:00:48,tanque_alcaldes,2025-09-15 01:00:48
2.66827,2025-09-15 01:03:48,tanque_alcaldes,2025-09-15 01:03:48
2.67506,2025-09-15 01:06:48,tanque_alcaldes,2025-09-15 01:06:48
2.69067,2025-09-15 01:09:48,tanque_alcaldes,2025-09-15 01:09:48
2.68902,2025-09-15 01:12:48,tanque_alcaldes,2025-09-15 01:12:48
2.69744,2025-09-15 01:15:48,tanque_alcaldes,2025-09-15 01:15:48
2.69704,2025-09-15 01:18:48,tanque_alcaldes,2025-09-15 01:18:48
2.70271,2025-09-15 01:21:48,tanque_alcaldes,2025-09-15 01:21:48
2.7077,2025-09-15 01:24:48,tanque_alcaldes,2025-09-15 01:24:48
2.7153,2025-09-15 01:27:48,tanque_alcaldes,2025-09-15 01:27:48
2.72133,2025-09-15 01:30:48,tanque_alcaldes,2025-09-15 01:30:48
2.73884,2025-09-15 01:33:48,tanque_alcaldes,2025-09-15 01:33:48
2.73404,2025-09-15 01:36:48,tanque_alcaldes,2025-09-15 01:36:48
2.74274,2025-09-15 01:39:48,tanque_alcaldes,2025-09-15 01:39:48
2.75439,2025-09-15 01:42:48,tanque_alcaldes,2025-09-15 01:42:48
2.75715,2025-09-15 01:45:48,tanque_alcaldes,2025-09-15 01:45:48
2.76195,2025-09-15 01:48:48,tanque_alcaldes,2025-09-15 01:48:48
2.77742,2025-09-15 01:51:48,tanque_alcaldes,2025-09-15 01:51:48
2.78549,2025-09-15 01:54:48,tanque_alcaldes,2025-09-15 01:54:48
2.79545,2025-09-15 01:57:48,tanque_alcaldes,2025-09-15 01:57:48
2.80438,2025-09-15 02:00:48,tanque_alcaldes,2025-09-15 02:00:48
2.801,2025-09-15 02:03:48,tanque_alcaldes,2025-09-15 02:03:48
2.80324,2025-09-15 02:06:48,tanque_alcaldes,2025-09-15 02:06:48
2.80704,2025-09-15 02:09:48,tanque_alcaldes,2025-09-15 02:09:48
2.81058,2025-09-15 02:12:48,tanque_alcaldes,2025-09-15 02:12:48
2.81624,2025-09-15 02:15:48,tanque_alcaldes,2025-09-15 02:15:48
2.81388,2025-09-15 02:18:48,tanque_alcaldes,2025-09-15 02:18:48
2.81536,2025-09-15 02:21:48,tanque_alcaldes,2025-09-15 02:21:48
0.0,2025-09-15 02:24:48,tanque_alcaldes,2025-09-15 02:24:48
2.82513,2025-09-15 02:27:48,tanque_alcaldes,2025-09-15 02:27:48
2.82473,2025-09-15 02:30:48,tanque_alcaldes,2025-09-15 02:30:48
2.82386,2025-09-15 02:33:48,tanque_alcaldes,2025-09-15 02:33:48
2.82005,2025-09-15 02:36:48,tanque_alcaldes,2025-09-15 02:36:48
2.83108,2025-09-15 02:39:48,tanque_alcaldes,2025-09-15 02:39:48
2.84467,2025-09-15 02:42:48,tanque_alcaldes,2025-09-15 02:42:48
2.83375,2025-09-15 02:45:48,tanque_alcaldes,2025-09-15 02:45:48
2.84042,2025-09-15 02:48:48,tanque_alcaldes,2025-09-15 02:48:48
2.84276,2025-09-15 02:51:48,tanque_alcaldes,2025-09-15 02:51:48
